image_url,name
0355482_PE547815_S5.JPG,chair
cult-living-holz-windsor-stuhl-schwarz-zweiter-ausverkauf-p8382-102355_image.jpg,chair
21321321.jpeg,chair
18808911.jpeg,chair
vray-ready-velvet-fabric-chiar-3d-model-max-obj.jpg,chair
cb2.scene7.com.jpeg,chair
tarendo-table-black__0241636_PE381441_S4.JPG,table
2132132.jpeg,table
tabledsadsa.jpeg,table
dsadsa.jpeg,table
fdsafdsa.jpeg,table
p_1000108506.jpg,door
rustic-antique-distressed-finish-main-door-doors-without-glass-sh-904-ph-lh-64_1000.jpg,door
dsadsadsa.jpeg,door
21312321312.jpg,door
fdsafdsafdsa.jpg,door
door21321321.jpeg,door
CascadeVasesFHF17.jpeg,vase
JelenaVaseSHF16.jpeg,vase
Densmore+Vase.jpg,vase
sadsadsa.jpeg,vase
2132132132.jpeg,vase
casa-uno-48569-1.jpg,vase
5fb6c738fc56dfb.png,door
3123.jpeg,door
412312.jpeg,door
Nifty-Front-Door-Entrance-76-About-Remodel-Fabulous-Home-Remodel-Ideas-with-Front-Door-Entrance.jpg,door
1453855211662.jpeg,door
1-lr-green-door-051.jpg,door
wp2f8e3749_05_06.jpg,sofa
costco-reclining-sofa-leather-reclining-sofa-sofa-design-appealing-home-theater-seating-power-recliner-leather-sofa-living-for-leather-reclining-sofa-costco-sectional-sofa-899.jpg,sofa
wal-sofas-sofa-and-chair-covers-set-furniture-couch-beds-ikea-settee-seater-armchair-stylish-purple-covering-shaped-slipcover-cover-protector-target-ready-made-arm-sectional.jpg,sofa
3123das.jpeg,sofa
sofa312312.jpg,sofa
eqweqweqw.jpeg,sofa
sofa341232.jpg,sofa
2312321312.jpeg,sofa
winsome-costco-furniture-locations-18-custom-sofas-in-store-and-interior-designs-painting-dining-table-decor-1600x1105.jpg,sofa
sdfsdfdss.jpeg,sofa
